desktop_id,repos
0ad,extra
ADLplug,extra
Alacritty,extra
BespokeSynth,extra
Cinny,extra
ControlPanel,extra
FBReader,extra
FeelUOwn,extra
GameConqueror,extra
GammaRay,extra
Helix,extra
MediaElch,extra
OPNplug,extra
PPSSPPSDL,extra
PTBatcherGUI,extra
PathFinder,extra
PrusaGcodeviewer,extra
PrusaSlicer,extra
RMSViewer,extra
RockboxUtility,extra
SciTE,extra
SigDigger,extra
Singular,extra
Singular-manual,extra
SuperColliderIDE,extra
Surge-XT,extra
Surge-XT-FX,extra
WPrefs,extra
Waydroid,extra
WebHTTrack,extra
WebHTTrack-Websites,extra
Xmaxima,extra
abiword,extra
accerciser,extra
acme,extra
activity-log-manager,extra
adie,extra
adljack,extra
adlrt,extra
aerc,extra
alacarte,extra
alc,extra
algernon,extra
algernon_md,extra
aliki,extra
alot,extra
alot-mailto,extra
ambdec,extra
amdgpu_top,extra
amfora,extra
ams,extra
amsynth,extra
android-file-transfer,extra
angband,extra
anki,extra
app.drey.Biblioteca,extra
app.drey.Blurble,extra
app.drey.Dialect,extra
app.drey.EarTag,extra
app.drey.Elastic,extra
app.drey.KeyRack,extra
app.drey.Planner,extra
app.drey.Warp,extra
app.liten.Gram,extra
app.yaak.Yaak,extra
arandr,extra
ardour9,extra
ares,extra
ario,extra
assistant,extra
astroid,extra
astromenace,extra
at.iem.plugins.AllRADecoder,extra
at.iem.plugins.BinauralDecoder,extra
at.iem.plugins.CoordinateConverter,extra
at.iem.plugins.DirectionalCompressor,extra
at.iem.plugins.DirectivityShaper,extra
at.iem.plugins.DistanceCompensator,extra
at.iem.plugins.DualDelay,extra
at.iem.plugins.EnergyVisualizer,extra
at.iem.plugins.FdnReverb,extra
at.iem.plugins.GranularEncoder,extra
at.iem.plugins.MatrixMultiplier,extra
at.iem.plugins.MultiBandCompressor,extra
at.iem.plugins.MultiEQ,extra
at.iem.plugins.MultiEncoder,extra
at.iem.plugins.OmniCompressor,extra
at.iem.plugins.ProbeDecoder,extra
at.iem.plugins.RoomEncoder,extra
at.iem.plugins.SceneRotator,extra
at.iem.plugins.SimpleDecoder,extra
at.iem.plugins.StereoEncoder,extra
at.iem.plugins.ToolBox,extra
atomix,extra
atril,extra
audacious,extra
audacity,extra
avahi-discover,extra
azote,extra
baka-mplayer,extra
balsa-mailto-handler,extra
barrage,extra
bass,extra
be.alexandervanhee.gradia,extra
birdfont,extra
bitwarden,extra
blender,extra
blobby,extra
blobwars,extra
bluefish,extra
blueman-adapters,extra
blueman-manager,extra
bluetooth-sendto,extra
boinc,extra
bonzomatic,extra
bookmarks,extra
brasero,extra
breezestyleconfig,extra
bssh,extra
bt747,extra
btop,extra
btrfs-assistant,extra
budgie-applications-panel,extra
budgie-background-panel,extra
budgie-camera-panel,extra
budgie-color-panel,extra
budgie-datetime-panel,extra
budgie-default-apps-panel,extra
budgie-diagnostics-panel,extra
budgie-info-overview-panel,extra
budgie-introduction-panel,extra
budgie-keyboard-panel,extra
budgie-location-panel,extra
budgie-lock-panel,extra
budgie-microphone-panel,extra
budgie-mouse-panel,extra
budgie-multitasking-panel,extra
budgie-network-panel,extra
budgie-night-light-panel,extra
budgie-notifications-panel,extra
budgie-power-panel,extra
budgie-printers-panel,extra
budgie-region-panel,extra
budgie-removable-media-panel,extra
budgie-sharing-panel,extra
budgie-sound-panel,extra
budgie-thunderbolt-panel,extra
budgie-universal-access-panel,extra
budgie-usage-panel,extra
budgie-user-accounts-panel,extra
budgie-wacom-panel,extra
budgie-wifi-panel,extra
budgie-wwan-panel,extra
bulky,extra
bvnc,extra
ca.desrt.dconf-editor,extra
cact,extra
cafe.avery.Delfin,extra
cairo-dock,extra
cairo-dock-cairo,extra
caja,extra
caja-autorun-software,extra
caja-browser,extra
caja-computer,extra
caja-file-management-properties,extra
caja-folder-handler,extra
caja-home,extra
calculator,extra
calibrate_lens_gui,extra
calibre-ebook-edit,extra
calibre-ebook-viewer,extra
calibre-gui,extra
calibre-lrfviewer,extra
calligra,extra
caph,extra
carla,extra
carla-control,extra
carla-jack-multi,extra
carla-jack-single,extra
carla-patchbay,extra
carla-rack,extra
cartes-geo-handler,extra
cdemu-client,extra
ch.openboard.OpenBoard,extra
cherrytree,extra
chewing-editor,extra
chinese-calendar,extra
chromium,extra
chromium-bsu,extra
cinnamon,extra
cinnamon-color-panel,extra
cinnamon-display-panel,extra
cinnamon-killer-daemon,extra
cinnamon-menu-editor,extra
cinnamon-network-panel,extra
cinnamon-onscreen-keyboard,extra
cinnamon-settings,extra
cinnamon-settings-actions,extra
cinnamon-settings-applets,extra
cinnamon-settings-backgrounds,extra
cinnamon-settings-calendar,extra
cinnamon-settings-default,extra
cinnamon-settings-desklets,extra
cinnamon-settings-desktop,extra
cinnamon-settings-effects,extra
cinnamon-settings-extensions,extra
cinnamon-settings-fonts,extra
cinnamon-settings-general,extra
cinnamon-settings-gestures,extra
cinnamon-settings-hotcorner,extra
cinnamon-settings-info,extra
cinnamon-settings-keyboard,extra
cinnamon-settings-mouse,extra
cinnamon-settings-nightlight,extra
cinnamon-settings-notifications,extra
cinnamon-settings-panel,extra
cinnamon-settings-power,extra
cinnamon-settings-privacy,extra
cinnamon-settings-screensaver,extra
cinnamon-settings-sound,extra
cinnamon-settings-startup,extra
cinnamon-settings-themes,extra
cinnamon-settings-thunderbolt,extra
cinnamon-settings-universal-access,extra
cinnamon-settings-user,extra
cinnamon-settings-users,extra
cinnamon-settings-windows,extra
cinnamon-settings-workspaces,extra
cinnamon-wacom-panel,extra
cinnamon-wayland,extra
cinnamon2d,extra
ckb-next,extra
clamtk,extra
claws-mail,extra
cmake-gui,extra
co.honnef.Gotraceui,extra
cockatrice,extra
cockos-reaper,extra
code-oss,extra
code-oss-url-handler,extra
code-url-handler,extra
codeblocks,extra
colordkdeiccimporter,extra
com.adrienplazas.Metronome,extra
com.belmoussaoui.Authenticator,extra
com.belmoussaoui.Decoder,extra
com.belmoussaoui.Obfuscate,extra
com.belmoussaoui.ReadItLater,extra
com.bilingify.readest,extra
com.borgbase.Vorta,extra
com.cassidyjames.clairvoyant,extra
com.danklinux.dms,extra
com.danklinux.dms.notepad,extra
com.digitalsuburban.Dexed,extra
com.edde746.plezy,extra
com.github.ADBeveridge.Raider,extra
com.github.Alcaro.Flips,extra
com.github.FontManager.FontManager,extra
com.github.FontManager.FontViewer,extra
com.github.PintaProject.Pinta,extra
com.github.Trummerschlunk.Master_me,extra
com.github.babluboy.bookworm,extra
com.github.baresip,extra
com.github.bvschaik.julius,extra
com.github.fabiocolacio.marker,extra
com.github.finefindus.eyedropper,extra
com.github.flxzt.rnote,extra
com.github.hluk.copyq,extra
com.github.hugolabe.Wike,extra
com.github.huluti.Curtail,extra
com.github.iwalton3.jellyfin-mpv-shim,extra
com.github.jeromerobert.pdfarranger,extra
com.github.johnfactotum.Foliate,extra
com.github.junrrein.PDFSlicer,extra
com.github.keriew.augustus,extra
com.github.maoschanz.drawing,extra
com.github.muriloventuroso.pdftricks,extra
com.github.pdesaulniers.wolf-shaper,extra
com.github.persepolisdm.persepolis,extra
com.github.phase1geo.minder,extra
com.github.philip_scott.notes-up,extra
com.github.philip_scott.spice-up,extra
com.github.pulseaudio-equalizer-ladspa.Equalizer,extra
com.github.rafostar.Clapper,extra
com.github.rlancaste.stellarsolver,extra
com.github.robertsanseries.ciano,extra
com.github.tchx84.Flatseal,extra
com.github.unrud.VideoDownloader,extra
com.github.wwmm.easyeffects,extra
com.github.xournalpp.xournalpp,extra
com.gitlab.tipp10.tipp10,extra
com.governikus.ausweisapp2,extra
com.juce_projucer,extra
com.libretro.RetroArch,extra
com.mardojai.ForgeSparks,extra
com.mattjakeman.ExtensionManager,extra
com.microsoft.edit,extra
com.mitchellh.ghostty,extra
com.moonlight_stream.Moonlight,extra
com.nextcloud.desktopclient.nextcloud,extra
com.obsproject.Studio,extra
com.rafaelmardojai.Blanket,extra
com.rafaelmardojai.SharePreview,extra
com.rafaelmardojai.WebfontKitGenerator,extra
com.ranfdev.DistroShelf,extra
com.raspberrypi.rpi-imager,extra
com.rosegardenmusic.rosegarden,extra
com.system76.CosmicAppLibrary,extra
com.system76.CosmicAppList,extra
com.system76.CosmicAppletA11y,extra
com.system76.CosmicAppletAudio,extra
com.system76.CosmicAppletBattery,extra
com.system76.CosmicAppletBluetooth,extra
com.system76.CosmicAppletInputSources,extra
com.system76.CosmicAppletMinimize,extra
com.system76.CosmicAppletNetwork,extra
com.system76.CosmicAppletNotifications,extra
com.system76.CosmicAppletPower,extra
com.system76.CosmicAppletStatusArea,extra
com.system76.CosmicAppletTiling,extra
com.system76.CosmicAppletTime,extra
com.system76.CosmicAppletWorkspaces,extra
com.system76.CosmicEdit,extra
com.system76.CosmicFiles,extra
com.system76.CosmicInitialSetup,extra
com.system76.CosmicLauncher,extra
com.system76.CosmicMonitor,extra
com.system76.CosmicPanelAppButton,extra
com.system76.CosmicPanelLauncherButton,extra
com.system76.CosmicPanelWorkspacesButton,extra
com.system76.CosmicPlayer,extra
com.system76.CosmicScreenshot,extra
com.system76.CosmicSettings,extra
com.system76.CosmicSettings.About,extra
com.system76.CosmicSettings.Accessibility,extra
com.system76.CosmicSettings.Appearance,extra
com.system76.CosmicSettings.Applications,extra
com.system76.CosmicSettings.Bluetooth,extra
com.system76.CosmicSettings.DateTime,extra
com.system76.CosmicSettings.DefaultApps,extra
com.system76.CosmicSettings.Desktop,extra
com.system76.CosmicSettings.Displays,extra
com.system76.CosmicSettings.Dock,extra
com.system76.CosmicSettings.Input,extra
com.system76.CosmicSettings.Keyboard,extra
com.system76.CosmicSettings.LegacyApplications,extra
com.system76.CosmicSettings.Mouse,extra
com.system76.CosmicSettings.Network,extra
com.system76.CosmicSettings.Notifications,extra
com.system76.CosmicSettings.Panel,extra
com.system76.CosmicSettings.Power,extra
com.system76.CosmicSettings.RegionLanguage,extra
com.system76.CosmicSettings.Sound,extra
com.system76.CosmicSettings.StartupApps,extra
com.system76.CosmicSettings.System,extra
com.system76.CosmicSettings.Time,extra
com.system76.CosmicSettings.Touchpad,extra
com.system76.CosmicSettings.Users,extra
com.system76.CosmicSettings.Vpn,extra
com.system76.CosmicSettings.Wallpaper,extra
com.system76.CosmicSettings.WindowManagement,extra
com.system76.CosmicSettings.Wired,extra
com.system76.CosmicSettings.Wireless,extra
com.system76.CosmicSettings.Workspaces,extra
com.system76.CosmicStore,extra
com.system76.CosmicTerm,extra
com.system76.CosmicWorkspaces,extra
com.uploadedlobster.peek,extra
com.x42_plugins.x42_darc,extra
com.x42_plugins.x42_dpl,extra
com.x42_plugins.x42_fat1,extra
com.x42_plugins.x42_fil4,extra
com.x42_plugins.x42_matrixmixer8x8,extra
com.x42_plugins.x42_meter_0,extra
com.x42_plugins.x42_meter_1,extra
com.x42_plugins.x42_meter_10,extra
com.x42_plugins.x42_meter_11,extra
com.x42_plugins.x42_meter_12,extra
com.x42_plugins.x42_meter_13,extra
com.x42_plugins.x42_meter_14,extra
com.x42_plugins.x42_meter_15,extra
com.x42_plugins.x42_meter_16,extra
com.x42_plugins.x42_meter_17,extra
com.x42_plugins.x42_meter_18,extra
com.x42_plugins.x42_meter_19,extra
com.x42_plugins.x42_meter_2,extra
com.x42_plugins.x42_meter_3,extra
com.x42_plugins.x42_meter_4,extra
com.x42_plugins.x42_meter_5,extra
com.x42_plugins.x42_meter_6,extra
com.x42_plugins.x42_meter_7,extra
com.x42_plugins.x42_meter_8,extra
com.x42_plugins.x42_meter_9,extra
com.x42_plugins.x42_mixtri,extra
com.x42_plugins.x42_phaserotate,extra
com.x42_plugins.x42_scope,extra
com.x42_plugins.x42_spectr,extra
com.x42_plugins.x42_stepseq,extra
com.x42_plugins.x42_tuna_0,extra
com.x42_plugins.x42_tuna_1,extra
com.zamaudio.zamautosat,extra
com.zamaudio.zamaximx2,extra
com.zamaudio.zamcomp,extra
com.zamaudio.zamcompx2,extra
com.zamaudio.zamdelay,extra
com.zamaudio.zamdynamiceq,extra
com.zamaudio.zameq2,extra
com.zamaudio.zamgate,extra
com.zamaudio.zamgatex2,extra
com.zamaudio.zamgeq31,extra
com.zamaudio.zamgrains,extra
com.zamaudio.zamheadx2,extra
com.zamaudio.zamphono,extra
com.zamaudio.zamtube,extra
com.zamaudio.zamulticomp,extra
com.zamaudio.zamulticompx2,extra
com.zamaudio.zamverb,extra
compton,extra
conky,extra
conky-manager2,extra
cool-retro-term,extra
cppcheck-gui,extra
critter,extra
csd-automount,extra
csoundqt,extra
cups,extra
cuyo,extra
cz.nic.datovka,extra
danmaQ,extra
darkman,extra
ddcui,extra
dde-calendar,extra
dde-computer,extra
dde-device-formatter,extra
dde-file-manager,extra
dde-home,extra
dde-lock,extra
dde-open,extra
dde-printer,extra
dde-trash,extra
de.feschber.LanMouse,extra
de.haeckerfelix.AudioSharing,extra
de.haeckerfelix.Fragments,extra
de.haeckerfelix.Shortwave,extra
de.hohnstaedt.xca,extra
de.leopoldluley.Clapgrep,extra
de.mediathekview.MediathekView,extra
de.schmidhuberj.DieBahn,extra
de.sciss.mellite.Mellite,extra
deepin-boot-maker,extra
deepin-calculator,extra
deepin-camera,extra
deepin-compressor,extra
deepin-devicemanager,extra
deepin-draw,extra
deepin-editor,extra
deepin-font-manager,extra
deepin-gomoku,extra
deepin-image-viewer,extra
deepin-lianliankan,extra
deepin-movie,extra
deepin-picker,extra
deepin-scanner,extra
deepin-screen-recorder,extra
deepin-system-monitor,extra
deepin-terminal,extra
deepin-terminal-gtk,extra
deepin-voice-note,extra
deltachat-desktop,extra
deluge,extra
designer,extra
dev.Cogitri.Health,extra
dev.Cogitri.Health.Autostart,extra
dev.bragefuglseth.Fretboard,extra
dev.geopjr.Collision,extra
dev.geopjr.Tuba,extra
dev.lapce.lapce,extra
dev.noctalia.Noctalia,extra
dev.serebit.Vkcheck,extra
dev.serebit.Waycheck,extra
dev.zed.Zed,extra
devede_ng,extra
dgedit,extra
dillo,extra
din,extra
discord,extra
displaycal,extra
displaycal-3dlut-maker,extra
displaycal-apply-profiles,extra
displaycal-curve-viewer,extra
displaycal-profile-info,extra
displaycal-scripting-client,extra
displaycal-synthprofile,extra
displaycal-testchart-editor,extra
displaycal-vrml-to-x3d-converter,extra
distccmon-gnome,extra
djvulibre-djview4,extra
dk.gqrx.gqrx,extra
dmd-doc,extra
dms-open,extra
dolphin-emu,extra
doomretro,extra
dopewars,extra
dosbox,extra
dosemu,extra
doublecmd,extra
downloader,extra
drawio,extra
drracket,extra
dvdstyler,extra
dwarffortress,extra
e16,extra
easytag,extra
ebumeter,extra
ecrire,extra
edu.stanford.ccrma.snd,extra
edu.stanford.ccrma.snd-ruby,extra
edu.stanford.ccrma.snd-s7,extra
electrum,extra
element,extra
elementary_config,extra
elementary_perf,extra
elementary_test,extra
emacs,extra
emacs-mail,extra
emacsclient,extra
emacsclient-mail,extra
emby-theater,extra
emixer,extra
emoji-picker,extra
engrampa,extra
enlightenment_askpass,extra
enlightenment_filemanager,extra
enlightenment_fprint,extra
enlightenment_paledit,extra
envy24control,extra
eom,extra
ephoto,extra
etherape,extra
ettercap,extra
eu.fortysixandtwo.chessclock,extra
eu.qtrac.diffpdf,extra
eu.scarpetta.PDFMixTool,extra
evisum,extra
f3d,extra
f3d-plugin-alembic,extra
f3d-plugin-assimp,extra
f3d-plugin-draco,extra
f3d-plugin-hdf,extra
f3d-plugin-native,extra
f3d-plugin-occt,extra
f3d-plugin-usd,extra
f3d-plugin-vdb,extra
fceux,extra
fcitx5-configtool,extra
fcitx5-wayland-launcher,extra
feathernotes,extra
featherpad,extra
feh,extra
feishin,extra
filezilla,extra
fillets-ng,extra
fingerterm,extra
firefox,extra
firefox-developer-edition,extra
firejail-ui,extra
firetools,extra
firewall-config,extra
flobopuyo,extra
fltk-options,extra
fluid,extra
fluid1.3,extra
fnott,extra
focuswriter,extra
foot,extra
foot-server,extra
footclient,extra
fr.handbrake.ghb,extra
freecol,extra
freewheeling,extra
fs-uae,extra
fs-uae-launcher,extra
ft2-clone,extra
fte,extra
furnace,extra
fwbuilder,extra
gala,extra
gala-multitaskingview,extra
gala-other,extra
gala-wayland,extra
galculator,extra
gambas3,extra
gammastep,extra
gammastep-indicator,extra
garden.jamie.Morphosis,extra
gbrainy,extra
gcdmaster,extra
gcin-tools,extra
gcm-import,extra
gcm-picker,extra
gcr-prompter,extra
gcr-viewer,extra
geany,extra
geary-autostart,extra
geoclue-demo-agent,extra
geoclue-where-am-i,extra
geogebra,extra
geonkick,extra
geotag,extra
ghidra,extra
gigedit,extra
giggle,extra
gigolo,extra
gimagereader-gtk,extra
gimagereader-qt6,extra
gimp,extra
git-annex,extra
gkbd-keyboard-display,extra
glabels-3,extra
glacier-calc,extra
glob2,extra
gloobus-preview,extra
gmic_qt,extra
gmtp,extra
gnac,extra
gnome-about-panel,extra
gnome-appfolders-manager,extra
gnome-applications-panel,extra
gnome-background-panel,extra
gnome-bluetooth-panel,extra
gnome-color-panel,extra
gnome-datetime-panel,extra
gnome-disk-image-mounter,extra
gnome-disk-image-writer,extra
gnome-display-panel,extra
gnome-flashback,extra
gnome-genius,extra
gnome-initial-setup,extra
gnome-keyboard-panel,extra
gnome-mouse-panel,extra
gnome-mplayer,extra
gnome-multitasking-panel,extra
gnome-nettool,extra
gnome-network-panel,extra
gnome-notifications-panel,extra
gnome-online-accounts-gtk,extra
gnome-online-accounts-panel,extra
gnome-panel,extra
gnome-pie,extra
gnome-power-panel,extra
gnome-printers-panel,extra
gnome-privacy-panel,extra
gnome-region-panel,extra
gnome-search-panel,extra
gnome-sharing-panel,extra
gnome-software-local-file-flatpak,extra
gnome-software-local-file-fwupd,extra
gnome-software-local-file-metainfo,extra
gnome-sound-panel,extra
gnome-system-monitor-kde,extra
gnome-system-panel,extra
gnome-universal-access-panel,extra
gnome-user-share-webdav,extra
gnome-users-panel,extra
gnome-wacom-panel,extra
gnome-wellbeing-panel,extra
gnome-wifi-panel,extra
gnome-wwan-panel,extra
gnubiff,extra
gnucash,extra
gnujump,extra
gnuradio-grc,extra
goattracker,extra
gobby-0.5,extra
gogglesmm,extra
google-maps-geo-handler,extra
gpac,extra
gparted,extra
gpgui,extra
gpicview,extra
gpk-log,extra
gpk-prefs,extra
gpodder,extra
gpodder-url-handler,extra
gprename,extra
gpsbabel,extra
gpscorrelate,extra
gpsprune,extra
gpu-screen-recorder,extra
gpxsee,extra
grafx2,extra
griffith,extra
groovy,extra
grsync,extra
gscriptor,extra
gsmartcontrol,extra
gtk-lshw,extra
gtk3-demo,extra
gtk3-icon-browser,extra
gtk3-widget-factory,extra
gtkwave,extra
guake,extra
guake-prefs,extra
gucharmap,extra
gufw,extra
guitarix,extra
gummi,extra
gupnp-av-cp,extra
gupnp-network-light,extra
gupnp-universal-cp,extra
guvcview,extra
guvcview-qt,extra
gvim,extra
gwakeonlan,extra
gxkb,extra
gxmessage,extra
hardinfo2,extra
hatari,extra
hdajackretask,extra
hdspconf,extra
hdspmixer,extra
hedgewars,extra
heimdall,extra
highlight,extra
homebank,extra
hp-uiscan,extra
hplip,extra
htmldoc,extra
htop,extra
hu.irl.cameractrls,extra
hugin,extra
hugin_toolbox_gui,extra
hwmixvolume,extra
hypnotix,extra
hyprpwcenter,extra
i3,extra
ibus-setup-anthy,extra
ibus-setup-chewing,extra
ibus-setup-hangul,extra
ibus-setup-kkc,extra
ibus-setup-libbopomofo,extra
ibus-setup-libpinyin,extra
ibus-setup-skk,extra
ibus-setup-table,extra
ibus-setup-tb,extra
ibus-setup-typing-booster,extra
ida,extra
idea,extra
im.dino.Dino,extra
im.kaidan.kaidan,extra
imv,extra
imv-dir,extra
indicator-china-weather,extra
info.bibletime.BibleTime,extra
info.febvre.Komikku,extra
info.mumble.Mumble,extra
io.bassi.Amberol,extra
io.dbeaver.DBeaver,extra
io.element.Element,extra
io.elementary.calculator,extra
io.elementary.calendar,extra
io.elementary.camera,extra
io.elementary.capnet-assist,extra
io.elementary.code,extra
io.elementary.desktop.agent-geoclue2,extra
io.elementary.desktop.agent-polkit,extra
io.elementary.files,extra
io.elementary.granite-7.demo,extra
io.elementary.granite.demo,extra
io.elementary.greeter,extra
io.elementary.mail,extra
io.elementary.music,extra
io.elementary.notifications.demo,extra
io.elementary.onboarding,extra
io.elementary.photos,extra
io.elementary.photos.viewer,extra
io.elementary.screenshot,extra
io.elementary.settings,extra
io.elementary.shortcut-overlay,extra
io.elementary.sideload,extra
io.elementary.tasks,extra
io.elementary.terminal,extra
io.elementary.videos,extra
io.elementary.wingpanel,extra
io.github.OpenToonz,extra
io.github.Qalculate.qalculate-qt,extra
io.github.TransmissionRemoteGtk,extra
io.github.alainm23.planify,extra
io.github.antimicrox.antimicrox,extra
io.github.arunsivaramanneo.GPUViewer,extra
io.github.benapetr.TuxManager,extra
io.github.benjamimgois.goverlay,extra
io.github.celluloid_player.Celluloid,extra
io.github.dagargo.Elektroid,extra
io.github.dagargo.Overwitch,extra
io.github.daid.EmptyEpsilon,extra
io.github.diegoivan.pdf_metadata_editor,extra
io.github.dvlv.boxbuddyrs,extra
io.github.endless_sky.endless_sky,extra
io.github.finefindus.Hieroglyphic,extra
io.github.fizzyizzy05.binary,extra
io.github.flattool.Warehouse,extra
io.github.guillaumechereau.Goxel,extra
io.github.idevecore.Valuta,extra
io.github.ilya_zlobintsev.LACT,extra
io.github.input_leap.input-leap,extra
io.github.iptux_src.iptux,extra
io.github.jliljebl.Flowblade,extra
io.github.kolunmi.Bazaar,extra
io.github.lincity_ng.lincity-ng,extra
io.github.linx_systems.ClamUI,extra
io.github.martinrotter.rssguard,extra
io.github.michaelwillis.DragonflyEarlyReflections,extra
io.github.michaelwillis.DragonflyHallReverb,extra
io.github.michaelwillis.DragonflyPlateReverb,extra
io.github.michaelwillis.DragonflyRoomReverb,extra
io.github.mightycreak.Diffuse,extra
io.github.mrvladus.List,extra
io.github.muse_sequencer.Muse,extra
io.github.quodlibet.ExFalso,extra
io.github.quodlibet.QuodLibet,extra
io.github.seadve.Kooha,extra
io.github.seadve.Mousai,extra
io.github.thetumultuousunicornofdarkness.cpu-x,extra
io.github.trufae.Parla,extra
io.github.xyproto.zsnes,extra
io.gitlab.adhami3310.Converter,extra
io.gitlab.adhami3310.Impression,extra
io.gitlab.gregorni.Letterpress,extra
io.gitlab.liferooter.TextPieces,extra
io.gitlab.metadatacleaner.metadatacleaner,extra
io.gitlab.news_flash.NewsFlash,extra
io.mgba.mGBA,extra
io.missioncenter.MissionCenter,extra
io.openrct2.openrct2,extra
io.openrct2.savegame,extra
io.openrct2.scenario,extra
io.openrct2.uri,extra
io.otsaloma.gaupol,extra
io.otsaloma.nfoview,extra
io.podman_desktop.PodmanDesktop,extra
io.polyphone.polyphone,extra
ipython,extra
isd,extra
it.cuteworks.pacmanlogviewer,extra
itweb-settings,extra
jack_mixer,extra
jadx-gui,extra
jalv,extra
java-java-openjdk,extra
java-java11-openjdk,extra
java-java17-openjdk,extra
java-java21-openjdk,extra
java-java25-openjdk,extra
javaws,extra
jconsole-java-openjdk,extra
jconsole-java11-openjdk,extra
jconsole-java17-openjdk,extra
jconsole-java21-openjdk,extra
jconsole-java25-openjdk,extra
jgmenu,extra
jmacs,extra
joe,extra
jpico,extra
jsampler,extra
jsampler-classic,extra
jshell-java-openjdk,extra
jshell-java11-openjdk,extra
jshell-java17-openjdk,extra
jshell-java21-openjdk,extra
jshell-java25-openjdk,extra
jstar,extra
julia,extra
jupyter-notebook,extra
jupyter-qtconsole,extra
jupyterlab,extra
kaccess,extra
kaddressbook-importer,extra
kaddressbook-view,extra
kbd-layout-viewer5,extra
kbd-layout-viewer6,extra
kcm_about-distro,extra
kcm_access,extra
kcm_activities,extra
kcm_animations,extra
kcm_animations_x11,extra
kcm_app-permissions,extra
kcm_audiocd,extra
kcm_autostart,extra
kcm_baloofile,extra
kcm_bluetooth,extra
kcm_bolt,extra
kcm_bookmarks,extra
kcm_breezedecoration,extra
kcm_cddb,extra
kcm_cellular_network,extra
kcm_clock,extra
kcm_colord,extra
kcm_colors,extra
kcm_componentchooser,extra
kcm_cron,extra
kcm_cursortheme,extra
kcm_desktoppaths,extra
kcm_desktoptheme,extra
kcm_disks,extra
kcm_fcitx5,extra
kcm_feedback,extra
kcm_filetypes,extra
kcm_firewall,extra
kcm_fontinst,extra
kcm_fonts,extra
kcm_gamecontroller,extra
kcm_icons,extra
kcm_kaccounts,extra
kcm_kamera,extra
kcm_kded,extra
kcm_kdf,extra
kcm_keyboard,extra
kcm_keys,extra
kcm_kgamma,extra
kcm_krdpserver,extra
kcm_krunnersettings,extra
kcm_kscreen,extra
kcm_kup,extra
kcm_kwin_effects,extra
kcm_kwin_effects_x11,extra
kcm_kwin_scripts,extra
kcm_kwin_scripts_x11,extra
kcm_kwin_virtualdesktops,extra
kcm_kwin_virtualdesktops_x11,extra
kcm_kwindecoration,extra
kcm_kwindecoration_x11,extra
kcm_kwinoptions,extra
kcm_kwinoptions_x11,extra
kcm_kwinrules,extra
kcm_kwinrules_x11,extra
kcm_kwintabbox,extra
kcm_kwintabbox_x11,extra
kcm_kwinxwayland,extra
kcm_landingpage,extra
kcm_lookandfeel,extra
kcm_mediacenter_audiodevice,extra
kcm_mediacenter_bigscreen_settings,extra
kcm_mediacenter_bluetooth,extra
kcm_mediacenter_display,extra
kcm_mediacenter_input,extra
kcm_mediacenter_kdeconnect,extra
kcm_mediacenter_wallpaper,extra
kcm_mediacenter_webapps,extra
kcm_mediacenter_wifi,extra
kcm_mobile_hotspot,extra
kcm_mobile_info,extra
kcm_mobile_power,extra
kcm_mobile_time,extra
kcm_mobile_wifi,extra
kcm_mobile_wired,extra
kcm_mobileshell,extra
kcm_mouse,extra
kcm_navigation,extra
kcm_netpref,extra
kcm_networkmanagement,extra
kcm_nightlight,extra
kcm_nighttime,extra
kcm_notifications,extra
kcm_oxygendecoration,extra
kcm_plasmakeyboard,extra
kcm_plasmalogin,extra
kcm_plasmasearch,extra
kcm_plymouth,extra
kcm_powerdevilprofilesconfig,extra
kcm_printer_manager,extra
kcm_proxy,extra
kcm_pulseaudio,extra
kcm_push_notifications,extra
kcm_qtquicksettings,extra
kcm_recentFiles,extra
kcm_regionandlang,extra
kcm_screenlocker,extra
kcm_sddm,extra
kcm_smserver,extra
kcm_solid_actions,extra
kcm_soundtheme,extra
kcm_speeddial,extra
kcm_splashscreen,extra
kcm_style,extra
kcm_tablet,extra
kcm_touchpad,extra
kcm_touchscreen,extra
kcm_trash,extra
kcm_updates,extra
kcm_users,extra
kcm_virtualkeyboard,extra
kcm_wacomtablet,extra
kcm_wallpaper,extra
kcm_waydroidintegration,extra
kcm_webshortcuts,extra
kcm_workspace,extra
kcmspellchecking,extra
kdbg,extra
kde_wacom_tabletfinder,extra
kdesystemsettings,extra
kdiskmark,extra
keepass,extra
kernelshark,extra
kew,extra
kfmclient,extra
kfmclient_dir,extra
kfmclient_html,extra
kfmclient_war,extra
khal,extra
kitty,extra
kitty-open,extra
klavaro,extra
klayoutEditor,extra
klayoutViewer,extra
kleopatra_import,extra
klystrack-plus,extra
kmail_view,extra
kodi,extra
konqbrowser,extra
konsolekalendar,extra
korganizer-import,extra
korganizer-view,extra
krita_brush,extra
krita_csv,extra
krita_exr,extra
krita_gif,extra
krita_heif,extra
krita_heightmap,extra
krita_jp2,extra
krita_jpeg,extra
krita_jxl,extra
krita_kra,extra
krita_krz,extra
krita_ora,extra
krita_pdf,extra
krita_png,extra
krita_psd,extra
krita_qimageio,extra
krita_raw,extra
krita_rgbe,extra
krita_spriter,extra
krita_svg,extra
krita_tga,extra
krita_tiff,extra
krita_webp,extra
krita_xcf,extra
kshutdown,extra
ktelnetservice5,extra
ktelnetservice6,extra
ktikz,extra
kupfer,extra
kupfer-exec,extra
kvantummanager,extra
kwalletmanager5-kwalletd,extra
kwincompositing,extra
l3afpad,extra
launchy,extra
lazarus,extra
lbreakout2,extra
lemonade-app,extra
lemonade-web-app,extra
leocad,extra
lf,extra
lftp,extra
libfm-pref-apps,extra
librecad,extra
libreoffice-base,extra
libreoffice-calc,extra
libreoffice-draw,extra
libreoffice-impress,extra
libreoffice-math,extra
libreoffice-startcenter,extra
libreoffice-writer,extra
libreoffice-xsltfilter,extra
libresprite,extra
librewolf,extra
lig,extra
lightdm-gtk-greeter-settings,extra
lime-suite,extra
linguist,extra
links,core
linssid,extra
linyaps,extra
liteide,extra
lmms,extra
loadtrk,extra
love,extra
lsp-plugins,extra
lstopo,extra
luakit,extra
luppp,extra
lxappearance,extra
lxde-logout,extra
lxde-screenlock,extra
lxhotkey-gtk,extra
lximage-qt,extra
lxinput,extra
lxmusic,extra
lxqt-about,extra
lxqt-admin-time,extra
lxqt-admin-user,extra
lxqt-archiver,extra
lxqt-config,extra
lxqt-config-appearance,extra
lxqt-config-brightness,extra
lxqt-config-file-associations,extra
lxqt-config-globalkeyshortcuts,extra
lxqt-config-input,extra
lxqt-config-locale,extra
lxqt-config-monitor,extra
lxqt-config-monitor-autostart,extra
lxqt-config-notificationd,extra
lxqt-config-powermanagement,extra
lxqt-config-session,extra
lxqt-config-touchpad-autostart,extra
lxqt-hibernate,extra
lxqt-leave,extra
lxqt-lockscreen,extra
lxqt-logout,extra
lxqt-panel,extra
lxqt-reboot,extra
lxqt-shutdown,extra
lxqt-suspend,extra
lxrandr,extra
lxsession-default-apps,extra
lxsession-edit,extra
lxshortcut,extra
lxtask,extra
lxterminal,extra
mailnag,extra
mailnag-config,extra
mame,extra
marble_geojson,extra
marble_gpx,extra
marble_kml,extra
marble_kmz,extra
marble_shp,extra
marco,extra
mari0,extra
mate-about,extra
mate-about-me,extra
mate-appearance-properties,extra
mate-at-properties,extra
mate-calc,extra
mate-color-select,extra
mate-default-applications-properties,extra
mate-dictionary,extra
mate-disk-image-mounter,extra
mate-disk-usage-analyzer,extra
mate-display-properties,extra
mate-font-viewer,extra
mate-keybinding,extra
mate-keyboard,extra
mate-network-properties,extra
mate-network-scheme,extra
mate-notification-properties,extra
mate-panel,extra
mate-power-preferences,extra
mate-power-statistics,extra
mate-screensaver-preferences,extra
mate-screenshot,extra
mate-search-tool,extra
mate-session-properties,extra
mate-settings-mouse,extra
mate-system-info,extra
mate-system-log,extra
mate-system-monitor,extra
mate-terminal,extra
mate-theme-installer,extra
mate-time-admin,extra
mate-user-guide,extra
mate-user-share-properties,extra
mate-volume-control,extra
mate-window-properties,extra
matecc,extra
materialx-grapheditor,extra
materialx-view,extra
mattermost-desktop,extra
me.mitya57.ReText,extra
mediainfo-gui,extra
megaglest,extra
megaglest_editor,extra
megaglest_g3dviewer,extra
metacity,extra
micro,extra
milkytracker,extra
mobi.phosh.MobileSettings,extra
mobi.phosh.Phoc,extra
mobi.phosh.PhoshTour,extra
mobi.phosh.Shell,extra
modem-manager-gui,extra
modrinth-app,extra
mopidy,extra
moserial,extra
mozo,extra
mplayer,extra
mpv,extra
mtpaint,extra
muffin,extra
mullvad-vpn,extra
mupdf,extra
mupen64plus,extra
mypaint,extra
mysql-workbench,extra
nautilus-autorun-software,extra
ncspot,extra
nemo,extra
nemo-autorun-software,extra
nemo-autostart,extra
neovide,extra
net.auto_multiple_choice.amc,extra
net.base_art.Glide,extra
net.damonlynch.RapidPhotoDownloader,extra
net.fasterland.converseen,extra
net.ffkkinos.Wildcard,extra
net.jami.Jami,extra
net.kvirc.KVIrc5,extra
net.lutris.Lutris,extra
net.lutris.Lutris1,extra
net.nokyan.Resources,extra
net.openbve_project.OpenBVE,extra
net.pioneerspacesim.Pioneer,extra
net.poedit.Poedit,extra
net.poedit.PoeditURI,extra
net.sf.distrho.3BandEQ,extra
net.sf.distrho.3BandSplitter,extra
net.sf.distrho.AmplitudeImposer,extra
net.sf.distrho.CycleShifter,extra
net.sf.distrho.Kars,extra
net.sf.distrho.MVerb,extra
net.sf.distrho.MaBitcrush,extra
net.sf.distrho.MaFreeverb,extra
net.sf.distrho.MaGigaverb,extra
net.sf.distrho.MaPitchshift,extra
net.sf.distrho.Nekobi,extra
net.sf.distrho.PingPongPan,extra
net.sf.distrho.SoulForce,extra
net.sf.distrho.glBars,extra
net.sourceforge.Lifeograph,extra
net.sourceforge.VMPK,extra
net.sourceforge.drumstick-drumgrid,extra
net.sourceforge.drumstick-guiplayer,extra
net.sourceforge.drumstick-vpiano,extra
net.sourceforge.gscan2pdf,extra
net.sourceforge.kmidimon,extra
net.sourceforge.liferea,extra
net.sourceforge.qtpfsgui.LuminanceHDR,extra
net.wz2100.warzone2100,extra
netbeans,extra
netsurf,extra
network.cycles.wdisplays,extra
networkmanager_dmenu,extra
nheko,extra
nitrokey-app,extra
nl.hjdskes.gcolor3,extra
nm-applet,extra
nm-connection-editor,extra
nnn,extra
notification-daemon,extra
notmuch-emacs-mua,extra
nsight-compute,extra
nsight-systems,extra
nsxiv,extra
numbat,extra
nvidia-settings,extra
nvim,extra
nvim-qt,extra
nvtop,extra
nwg-clipman,extra
nwg-displays,extra
nwg-icon-picker,extra
nwg-look,extra
nwg-panel-config,extra
nwg-readme,extra
nwg-readme-browser,extra
nwg-shell-config,extra
nyxt,extra
obconf-qt,extra
objdiff,extra
obsidian,extra
occt,extra
oculante,extra
odin2,extra
offroad,extra
og,extra
okularApplication_comicbook,extra
okularApplication_djvu,extra
okularApplication_doc_calligra,extra
okularApplication_docx_calligra,extra
okularApplication_dvi,extra
okularApplication_epub,extra
okularApplication_fax,extra
okularApplication_fb,extra
okularApplication_ghostview,extra
okularApplication_kimgio,extra
okularApplication_md,extra
okularApplication_mobi,extra
okularApplication_odp_calligra,extra
okularApplication_odt_calligra,extra
okularApplication_pdf,extra
okularApplication_powerpoint_calligra,extra
okularApplication_pptx_calligra,extra
okularApplication_rtf_calligra,extra
okularApplication_tiff,extra
okularApplication_txt,extra
okularApplication_wpd_calligra,extra
okularApplication_xps,extra
onboard,extra
onboard-settings,extra
one.alynx.showmethekey,extra
oo7-portal,extra
open-pantheon-terminal-here,extra
openbox,extra
opencloud,extra
opencloudcmd,extra
openra-cnc,extra
openra-d2k,extra
openra-ra,extra
openscad,extra
opensnitch_ui,extra
openstreetmap-geo-handler,extra
openttd,extra
oracle,extra
orca,extra
org.aegisub.Aegisub,extra
org.amule.aMule,extra
org.amule.aMule.gui,extra
org.armagetronad.armagetronad,extra
org.avidemux.Avidemux,extra
org.bitcoin.bitcoin-qt,extra
org.bleachbit.BleachBit,extra
org.bluesabre.Mugshot,extra
org.bpython-interpreter.bpython,extra
org.buddiesofbudgie.BudgieDaemon,extra
org.buddiesofbudgie.BudgieDesktopSettings,extra
org.buddiesofbudgie.BudgiePanel,extra
org.buddiesofbudgie.BudgiePolkit,extra
org.buddiesofbudgie.BudgieScreenshot,extra
org.buddiesofbudgie.ControlCenter,extra
org.buddiesofbudgie.budgie-desktop-view,extra
org.buddiesofbudgie.sendto,extra
org.bunkus.mkvtoolnix-gui,extra
org.cataclysmdda.CataclysmDDA,extra
org.chipass.ChiPass,extra
org.cinnamon.ScreenSaver,extra
org.computop.Regina,extra
org.contourterminal.Contour,extra
org.corectrl.CoreCtrl,extra
org.cvfosammmm.Setzer,extra
org.darktable.darktable,extra
org.deepin.dde-shell,extra
org.deepin.dde.blackwidget,extra
org.deepin.dde.bluetooth-dialog,extra
org.deepin.dde.control-center,extra
org.deepin.dde.hints-dialog,extra
org.deepin.dde.license-dialog,extra
org.deepin.dde.lowpower,extra
org.deepin.dde.pixmix,extra
org.deepin.dde.reset-password-dialog,extra
org.deepin.dde.suspend-dialog,extra
org.deepin.dde.touchscreen-dialog,extra
org.deepin.dde.warning-dialog,extra
org.deepin.dde.welcome,extra
org.deepin.dde.wm-chooser,extra
org.deskflow.deskflow,extra
org.desktop.Balsa,extra
org.desmume.DeSmuME,extra
org.develz.Crawl_console,extra
org.develz.Crawl_tiles,extra
org.fcitx.Fcitx5,extra
org.fcitx.fcitx5-config-qt,extra
org.fcitx.fcitx5-migrator,extra
org.fcitx.fcitx5-qt5-gui-wrapper,extra
org.fcitx.fcitx5-qt6-gui-wrapper,extra
org.fedoraproject.MediaWriter,extra
org.ffado.FfadoMixer,extra
org.flameshot.Flameshot,extra
org.fontforge.FontForge,extra
org.fooyin.fooyin,extra
org.freecad.FreeCAD,extra
org.freeciv.gtk3.mp,extra
org.freeciv.gtk322,extra
org.freeciv.gtk4,extra
org.freeciv.gtk4.mp,extra
org.freeciv.qt,extra
org.freeciv.qt.mp,extra
org.freeciv.ruledit,extra
org.freeciv.server,extra
org.freedesktop.Bustle,extra
org.freedesktop.GstDebugViewer,extra
org.freedesktop.IBus.Panel.Emojier,extra
org.freedesktop.IBus.Panel.Extension.Gtk3,extra
org.freedesktop.IBus.Panel.Wayland.Gtk3,extra
org.freedesktop.IBus.Setup,extra
org.freedesktop.MalcontentControl,extra
org.freedesktop.Piper,extra
org.freedesktop.Xwayland,extra
org.freedesktop.adriconf,extra
org.freedesktop.cbd,extra
org.freedesktop.impl.portal.desktop.kde,extra
org.freedesktop.impl.portal.desktop.lxqt,extra
org.freedroid.freedroidRPG,extra
org.freeorion.FreeOrion,extra
org.freeplane.App,extra
org.frescobaldi.Frescobaldi,extra
org.gabmus.gfeeds,extra
org.gajim.Gajim,extra
org.gaphor.Gaphor,extra
org.geeqie.Geeqie,extra
org.getmonero.Monero,extra
org.gitfourchette.gitfourchette,extra
org.gnome.Adwaita1.Demo,extra
org.gnome.Almanah,extra
org.gnome.Boxes,extra
org.gnome.BreakTimer,extra
org.gnome.BreakTimer.Daemon,extra
org.gnome.BrowserConnector,extra
org.gnome.Builder,extra
org.gnome.Calculator,extra
org.gnome.Calendar,extra
org.gnome.Calls,extra
org.gnome.Characters,extra
org.gnome.Chess,extra
org.gnome.ColorProfileViewer,extra
org.gnome.Connections,extra
org.gnome.Console,extra
org.gnome.Contacts,extra
org.gnome.Decibels,extra
org.gnome.DejaDup,extra
org.gnome.Devhelp,extra
org.gnome.Dictionary.Devel,extra
org.gnome.DiskUtility,extra
org.gnome.Eolie,extra
org.gnome.Epiphany,extra
org.gnome.Evince,extra
org.gnome.Evince-previewer,extra
org.gnome.Evolution,extra
org.gnome.Evolution-alarm-notify,extra
org.gnome.Extensions,extra
org.gnome.FileRoller,extra
org.gnome.Firmware,extra
org.gnome.Four-in-a-row,extra
org.gnome.Fractal,extra
org.gnome.GHex,extra
org.gnome.GPaste.Daemon,extra
org.gnome.GPaste.Preferences,extra
org.gnome.GPaste.Ui,extra
org.gnome.Games,extra
org.gnome.Geary,extra
org.gnome.Glade,extra
org.gnome.GnomeSubtitles,extra
org.gnome.Gnote,extra
org.gnome.Goobox,extra
org.gnome.Gtranslator,extra
org.gnome.Hamster.GUI,extra
org.gnome.Hitori,extra
org.gnome.Keysign,extra
org.gnome.Klotski,extra
org.gnome.LightsOff,extra
org.gnome.Logs,extra
org.gnome.Lollypop,extra
org.gnome.Loupe,extra
org.gnome.Mahjongg,extra
org.gnome.Manuals,extra
org.gnome.Maps,extra
org.gnome.Meld,extra
org.gnome.Mines,extra
org.gnome.MultiWriter,extra
org.gnome.Music,extra
org.gnome.Mutter.Mdk,extra
org.gnome.Nautilus,extra
org.gnome.Nibbles,extra
org.gnome.Notes,extra
org.gnome.OCRFeeder,extra
org.gnome.OfficeRunner,extra
org.gnome.OnlineAccounts.OAuth2,extra
org.gnome.PackageUpdater,extra
org.gnome.Packages,extra
org.gnome.Papers,extra
org.gnome.Papers-previewer,extra
org.gnome.Photos,extra
org.gnome.Podcasts,extra
org.gnome.Polari,extra
org.gnome.PowerStats,extra
org.gnome.Ptyxis,extra
org.gnome.Quadrapassel,extra
org.gnome.Recipes,extra
org.gnome.RestDemo,extra
org.gnome.Reversi,extra
org.gnome.Rhythmbox3,extra
org.gnome.Rhythmbox3.device,extra
org.gnome.Robots,extra
org.gnome.Screenshot,extra
org.gnome.Settings,extra
org.gnome.Shell.Extensions,extra
org.gnome.Shell.PortalHelper,extra
org.gnome.Shotwell,extra
org.gnome.Shotwell-Viewer,extra
org.gnome.Shotwell.Auth,extra
org.gnome.Showtime,extra
org.gnome.SimpleScan,extra
org.gnome.Snapshot,extra
org.gnome.Software,extra
org.gnome.Solanum,extra
org.gnome.SoundJuicer,extra
org.gnome.SoundRecorder,extra
org.gnome.Sudoku,extra
org.gnome.SwellFoop,extra
org.gnome.Sysprof,extra
org.gnome.SystemMonitor,extra
org.gnome.Tali,extra
org.gnome.Taquin,extra
org.gnome.Tecla,extra
org.gnome.Terminal,extra
org.gnome.Terminal.Preferences,extra
org.gnome.Tetravex,extra
org.gnome.TextEditor,extra
org.gnome.Todo,extra
org.gnome.Totem,extra
org.gnome.Tour,extra
org.gnome.TwentyFortyEight,extra
org.gnome.Usage,extra
org.gnome.Vte.App.Gtk3,extra
org.gnome.Vte.App.Gtk4,extra
org.gnome.Weather,extra
org.gnome.World.Citations,extra
org.gnome.World.Iotas,extra
org.gnome.World.PikaBackup,extra
org.gnome.World.PikaBackup.Monitor,extra
org.gnome.World.Secrets,extra
org.gnome.Yelp,extra
org.gnome.Zenity,extra
org.gnome.baobab,extra
org.gnome.clocks,extra
org.gnome.design.AppIconPreview,extra
org.gnome.design.Contrast,extra
org.gnome.design.Emblem,extra
org.gnome.design.IconLibrary,extra
org.gnome.design.Lorem,extra
org.gnome.design.Palette,extra
org.gnome.design.SymbolicPreview,extra
org.gnome.design.Typography,extra
org.gnome.dspy,extra
org.gnome.enter_tex,extra
org.gnome.eog,extra
org.gnome.evolution-data-server.OAuth2-handler,extra
org.gnome.five-or-more,extra
org.gnome.font-viewer,extra
org.gnome.frogr,extra
org.gnome.gThumb,extra
org.gnome.gThumb.Import,extra
org.gnome.gedit,extra
org.gnome.gitg,extra
org.gnome.gitlab.YaLTeR.Identity,extra
org.gnome.gitlab.YaLTeR.VideoTrimmer,extra
org.gnome.gitlab.somas.Apostrophe,extra
org.gnome.gnome-commander,extra
org.gnome.goa-daemon,extra
org.gnome.pan,extra
org.gnome.seahorse.Application,extra
org.gnome.tweaks,extra
org.gnumeric.gnumeric,extra
org.gnupg.pinentry-qt,core
org.godotengine.Godot,extra
org.godotengine.Godot-mono,extra
org.gpick.gpick,extra
org.gramps_project.Gramps,extra
org.gtk.Demo4,extra
org.gtk.PrintEditor4,extra
org.gtk.Shaper,extra
org.gtk.WidgetFactory4,extra
org.gtk.gtk4.NodeEditor,extra
org.hydrogenmusic.Hydrogen,extra
org.inkscape.Inkscape,extra
org.jackaudio.jackpatch,extra
org.jackaudio.nsm-legacy-gui,extra
org.jackaudio.nsm-proxy,extra
org.jacktrip.JackTrip,extra
org.kde.ConfigurePrinter,extra
org.kde.CrowTranslate,extra
org.kde.accessibilityinspector,extra
org.kde.accountwizard,extra
org.kde.agenda,extra
org.kde.akonadi,extra
org.kde.akonadi.configdialog,extra
org.kde.akonadi_contacts_resource,extra
org.kde.akonadi_davgroupware_resource,extra
org.kde.akonadi_ews_resource,extra
org.kde.akonadi_google_resource,extra
org.kde.akonadi_imap_resource,extra
org.kde.akonadi_openxchange_resource,extra
org.kde.akonadi_vcard_resource,extra
org.kde.akonadi_vcarddir_resource,extra
org.kde.akonadiconsole,extra
org.kde.akonadiimportwizard,extra
org.kde.akregator,extra
org.kde.alligator,extra
org.kde.amarok,extra
org.kde.amarok_containers,extra
org.kde.angelfish,extra
org.kde.arca,extra
org.kde.arianna,extra
org.kde.ark,extra
org.kde.artikulate,extra
org.kde.audex,extra
org.kde.audiotube,extra
org.kde.baloorunner,extra
org.kde.blinken,extra
org.kde.bluedevilsendfile,extra
org.kde.bluedevilwizard,extra
org.kde.bomber,extra
org.kde.bovo,extra
org.kde.buho,extra
org.kde.calindori,extra
org.kde.calligra,extra
org.kde.calligra.karbon,extra
org.kde.calligra.sheets,extra
org.kde.calligra.stage,extra
org.kde.calligra.words,extra
org.kde.calligraplan,extra
org.kde.calligraplanportfolio,extra
org.kde.calligraplanwork,extra
org.kde.calligrawords_ascii,extra
org.kde.cantor,extra
org.kde.clip,extra
org.kde.communicator,extra
org.kde.contactprintthemeeditor,extra
org.kde.contactthemeeditor,extra
org.kde.digikam,extra
org.kde.discover,extra
org.kde.discover.flatpak,extra
org.kde.discover.notifier,extra
org.kde.discover.snap,extra
org.kde.discover.urlhandler,extra
org.kde.dolphin,extra
org.kde.dragonplayer,extra
org.kde.drawy,extra
org.kde.drkonqi,extra
org.kde.drkonqi.coredump.gui,extra
org.kde.elisa,extra
org.kde.falkon,extra
org.kde.fiery,extra
org.kde.filelight,extra
org.kde.francis,extra
org.kde.gcompris,extra
org.kde.ghostwriter,extra
org.kde.glaxnimate,extra
org.kde.granatier,extra
org.kde.gwenview,extra
org.kde.gwenview_importer,extra
org.kde.hana,extra
org.kde.haruna,extra
org.kde.hashomatic,extra
org.kde.headerthemeeditor,extra
org.kde.heaptrack,extra
org.kde.iconexplorer,extra
org.kde.index,extra
org.kde.isoimagewriter,extra
org.kde.itinerary,extra
org.kde.juk,extra
org.kde.k3b,extra
org.kde.kaddressbook,extra
org.kde.kaffeine,extra
org.kde.kajongg,extra
org.kde.kalarm,extra
org.kde.kalgebra,extra
org.kde.kalgebramobile,extra
org.kde.kalk,extra
org.kde.kalm,extra
org.kde.kalzium,extra
org.kde.kalzium_cml,extra
org.kde.kamoso,extra
org.kde.kanagram,extra
org.kde.kapman,extra
org.kde.kapptemplate,extra
org.kde.kasts,extra
org.kde.kate,extra
org.kde.katomic,extra
org.kde.kbackup,extra
org.kde.kbibtex,extra
org.kde.kblackbox,extra
org.kde.kblocks,extra
org.kde.kbounce,extra
org.kde.kbreakout,extra
org.kde.kbruch,extra
org.kde.kcachegrind,extra
org.kde.kcalc,extra
org.kde.kcharselect,extra
org.kde.kclock,extra
org.kde.kcolorchooser,extra
org.kde.kcolorschemeeditor,extra
org.kde.kdebugsettings,extra
org.kde.kdeconnect.app,extra
org.kde.kdeconnect.daemon,extra
org.kde.kdeconnect.handler,extra
org.kde.kdeconnect.nonplasma,extra
org.kde.kdeconnect.sms,extra
org.kde.kded5,extra
org.kde.kded6,extra
org.kde.kdenlive,extra
org.kde.kdesvn,extra
org.kde.kdevelop,extra
org.kde.kdevelop_bzr,extra
org.kde.kdevelop_git,extra
org.kde.kdevelop_kdev4,extra
org.kde.kdevelop_ps,extra
org.kde.kdevelop_svn,extra
org.kde.kdf,extra
org.kde.kdialog,extra
org.kde.kdiamond,extra
org.kde.kdiff3,extra
org.kde.kdominate,extra
org.kde.keditbookmarks,extra
org.kde.keditfiletype,extra
org.kde.keepsecret,extra
org.kde.keysmith,extra
org.kde.kfind,extra
org.kde.kfontinst,extra
org.kde.kfontview,extra
org.kde.kfourinline,extra
org.kde.kgeography,extra
org.kde.kgeotag,extra
org.kde.kget,extra
org.kde.kgoldrunner,extra
org.kde.kgpg,extra
org.kde.kgraphviewer,extra
org.kde.khangman,extra
org.kde.khelpcenter,extra
org.kde.kid3,extra
org.kde.kid3-qt,extra
org.kde.kig,extra
org.kde.kigo,extra
org.kde.kile,extra
org.kde.killbots,extra
org.kde.kimagemapeditor,extra
org.kde.kinfocenter,extra
org.kde.kiod6,extra
org.kde.kirigami2.gallery,extra
org.kde.kiriki,extra
org.kde.kiten,extra
org.kde.kitenkanjibrowser,extra
org.kde.kitenradselect,extra
org.kde.kjournaldbrowser,extra
org.kde.kjumpingcube,extra
org.kde.kleopatra,extra
org.kde.klettres,extra
org.kde.klevernotes,extra
org.kde.klickety,extra
org.kde.klines,extra
org.kde.klipper,extra
org.kde.kmag,extra
org.kde.kmahjongg,extra
org.kde.kmail-refresh-settings,extra
org.kde.kmail2,extra
org.kde.kmenuedit,extra
org.kde.kmines,extra
org.kde.kmix,extra
org.kde.kmousetool,extra
org.kde.kmouth,extra
org.kde.kmplot,extra
org.kde.kmymoney,extra
org.kde.knavalbattle,extra
org.kde.knetattach,extra
org.kde.knetwalk,extra
org.kde.knewstuff-dialog,extra
org.kde.knewstuff-dialog6,extra
org.kde.knights,extra
org.kde.knighttimed,extra
org.kde.koko,extra
org.kde.kolf,extra
org.kde.kollision,extra
org.kde.kolourpaint,extra
org.kde.kommit,extra
org.kde.kommit.diff,extra
org.kde.kommit.merge,extra
org.kde.komodo,extra
org.kde.kompare,extra
org.kde.kongress,extra
org.kde.konqueror,extra
org.kde.konquest,extra
org.kde.konsole,extra
org.kde.kontact,extra
org.kde.kontrast,extra
org.kde.konversation,extra
org.kde.korganizer,extra
org.kde.kosmindoormap,extra
org.kde.kpat,extra
org.kde.kphotoalbum,extra
org.kde.kphotoalbum-import,extra
org.kde.kphotoalbum.open-raw,extra
org.kde.krdc,extra
org.kde.krdpserver,extra
org.kde.krecorder,extra
org.kde.krename,extra
org.kde.kreversi,extra
org.kde.krfb,extra
org.kde.krfb.virtualmonitor,extra
org.kde.krita,extra
org.kde.kronometer,extra
org.kde.kruler,extra
org.kde.krusader,extra
org.kde.ksame,extra
org.kde.ksecretd,extra
org.kde.kshisen,extra
org.kde.ksirk,extra
org.kde.ksirkskineditor,extra
org.kde.ksnakeduel,extra
org.kde.kspaceduel,extra
org.kde.ksquares,extra
org.kde.ksshaskpass,extra
org.kde.kst,extra
org.kde.kstars,extra
org.kde.ksudoku,extra
org.kde.ksystemlog,extra
org.kde.kteatime,extra
org.kde.ktimer,extra
org.kde.ktimetracker,extra
org.kde.ktnef,extra
org.kde.ktorrent,extra
org.kde.ktouch,extra
org.kde.ktrip,extra
org.kde.ktuberling,extra
org.kde.kturtle,extra
org.kde.kubrick,extra
org.kde.kuickshow,extra
org.kde.kuiviewer,extra
org.kde.kwalletd,extra
org.kde.kwalletmanager,extra
org.kde.kwatchgnupg,extra
org.kde.kwave,extra
org.kde.kweather,extra
org.kde.kwikdisk,extra
org.kde.kwin.dialoghelper,extra
org.kde.kwin.killer,extra
org.kde.kwin_x11.killer,extra
org.kde.kwordquiz,extra
org.kde.kwrite,extra
org.kde.labplot,extra
org.kde.lokalize,extra
org.kde.lskat,extra
org.kde.marble,extra
org.kde.marble-qt,extra
org.kde.marble.behaim,extra
org.kde.marble.maps,extra
org.kde.marknote,extra
org.kde.massif-visualizer,extra
org.kde.mboximporter,extra
org.kde.merkuro,extra
org.kde.merkuro.calendar,extra
org.kde.merkuro.contact,extra
org.kde.merkuro.mail,extra
org.kde.minuet,extra
org.kde.mobile.plasmasettings,extra
org.kde.neochat,extra
org.kde.nota,extra
org.kde.okteta,extra
org.kde.okular,extra
org.kde.onlinequoteseditor6,extra
org.kde.optiimage,extra
org.kde.palapeli,extra
org.kde.parley,extra
org.kde.partitionmanager,extra
org.kde.picmi,extra
org.kde.pimdataexporter,extra
org.kde.pix,extra
org.kde.plasma-fallback-session-save,extra
org.kde.plasma-interactiveconsole,extra
org.kde.plasma-systemmonitor,extra
org.kde.plasma-welcome,extra
org.kde.plasma.bigscreen.inputhandler,extra
org.kde.plasma.bigscreen.uvcviewer,extra
org.kde.plasma.browser_integration.host,extra
org.kde.plasma.camera,extra
org.kde.plasma.emojier,extra
org.kde.plasma.keyboard,extra
org.kde.plasma.lookandfeelexplorer,extra
org.kde.plasma.printqueue,extra
org.kde.plasma.settings.open,extra
org.kde.plasma.themeexplorer,extra
org.kde.plasmaengineexplorer,extra
org.kde.plasmashell,extra
org.kde.plasmatube,extra
org.kde.plasmawindowed,extra
org.kde.plasmoidviewer,extra
org.kde.polkit-kde-authentication-agent-1,extra
org.kde.qmlkonsole,extra
org.kde.qrca,extra
org.kde.qrca.wifi,extra
org.kde.rkward,extra
org.kde.rocs,extra
org.kde.rsibreak,extra
org.kde.secretprompter,extra
org.kde.shelf,extra
org.kde.showfoto,extra
org.kde.sieveeditor,extra
org.kde.skanlite,extra
org.kde.skanpage,extra
org.kde.skladnik,extra
org.kde.skrooge,extra
org.kde.skroogecompanion,extra
org.kde.smb4k,extra
org.kde.spectacle,extra
org.kde.station,extra
org.kde.step,extra
org.kde.strike,extra
org.kde.subtitlecomposer,extra
org.kde.sweeper,extra
org.kde.systemdgenie,extra
org.kde.tellico,extra
org.kde.telly-skout,extra
org.kde.tokodon,extra
org.kde.umbrello,extra
org.kde.vpnimport,extra
org.kde.vvave,extra
org.kde.yakuake,extra
org.kde.zanshin,extra
org.keepassxc.KeePassXC,extra
org.kicad.bitmap2component,extra
org.kicad.eeschema,extra
org.kicad.gerbview,extra
org.kicad.kicad,extra
org.kicad.pcbcalculator,extra
org.kicad.pcbnew,extra
org.kiwix.desktop,extra
org.ksnip.ksnip,extra
org.linuxsampler.gigedit,extra
org.lite_xl.lite_xl,extra
org.luanti.luanti,extra
org.mapeditor.Tiled,extra
org.merkaartor.merkaartor,extra
org.mixxx.Mixxx,extra
org.mozilla.Thunderbird,extra
org.musescore.MuseScore,extra
org.musicbrainz.Picard,extra
org.naev.Naev,extra
org.nicotine_plus.Nicotine,extra
org.octave.Octave,extra
org.onionshare.OnionShare,extra
org.opengamingcollective.rog-control-center,extra
org.openmw.cs,extra
org.openmw.launcher,extra
org.openrgb.OpenRGB,extra
org.opensc.notify,extra
org.openstreetmap.josm,extra
org.openusd.usdview,extra
org.paraview.ParaView,extra
org.pencil2d.Pencil2D,extra
org.pipewire.Helvum,extra
org.pitivi.Pitivi,extra
org.prismlauncher.PrismLauncher,extra
org.pulseaudio.pavucontrol,extra
org.puredata.pd-gui,extra
org.pwmt.zathura,extra
org.pwmt.zathura-cb,extra
org.pwmt.zathura-djvu,extra
org.pwmt.zathura-pdf-mupdf,extra
org.pwmt.zathura-pdf-poppler,extra
org.pwmt.zathura-ps,extra
org.pymol.PyMOL,extra
org.pyzo.Pyzo,extra
org.qbittorrent.qBittorrent,extra
org.qgis.qgis,extra
org.qt-project.qtcreator,extra
org.quickshell,extra
org.qutebrowser.qutebrowser,extra
org.radare.iaito,extra
org.remmina.Remmina,extra
org.remmina.Remmina-file,extra
org.rncbc.drumkv1,extra
org.rncbc.padthv1,extra
org.rncbc.qjackctl,extra
org.rncbc.qmidictl,extra
org.rncbc.qmidinet,extra
org.rncbc.qpwgraph,extra
org.rncbc.qsampler,extra
org.rncbc.qsynth,extra
org.rncbc.qtractor,extra
org.rncbc.qxgedit,extra
org.rncbc.samplv1,extra
org.rncbc.synthv1,extra
org.scummvm.scummvm,extra
org.shotcut.Shotcut,extra
org.sigrok.PulseView,extra
org.sigrok.sigrok-cli,extra
org.squidowl.halloy,extra
org.stellarium.Stellarium,extra
org.strawberrymusicplayer.strawberry,extra
org.surge-synth-team.Stochas,extra
org.synfig.SynfigStudio,extra
org.telegram.desktop,extra
org.torproject.torbrowser-launcher,extra
org.torproject.torbrowser-launcher.settings,extra
org.tug.texworks,extra
org.ubuntubudgie.wallstreetcontrol,extra
org.wesnoth.Wesnoth,extra
org.wezfurlong.wezterm,extra
org.widelands.Widelands,extra
org.wireshark.Wireshark,extra
org.workrave.Workrave,extra
org.x.Warpinator,extra
org.x.editor,extra
org.xfce.Catfish,extra
org.xfce.PanelProfiles,extra
org.xfce.Parole,extra
org.xfce.mousepad,extra
org.xfce.mousepad-settings,extra
org.xfce.orage,extra
org.xfce.orage-settings,extra
org.xfce.ristretto,extra
org.zealdocs.zeal,extra
org.zim_wiki.Zim,extra
osmo,extra
owncloud,extra
pacman-offline,extra
pacredir-status,extra
page.kramo.Cartridges,extra
page.tesk.Refine,extra
pageedit,extra
panel-desktop-handler,extra
panel-preferences,extra
pantheon-parental-controls-client,extra
paprefs,extra
parcellite,extra
pasystray,extra
patchmatrix,extra
pavucontrol-qt,extra
pcmanfm,extra
pcmanfm-desktop-pref,extra
pcmanfm-qt,extra
pcmanfm-qt-desktop-pref,extra
peazip,extra
peazip-add-to-archive,extra
peazip-extract,extra
performous,extra
photoflare,extra
phototonic,extra
picom,extra
pingus,extra
plank,extra
plasma-bigscreen-swap-session,extra
plastic,extra
playitslowly,extra
pluma,extra
pmchart,extra
policyeditor,extra
polkit-gnome-authentication-agent-1,extra
posterazor,extra
pqiv,extra
praat,extra
pragha,extra
projectM-pulseaudio,extra
protege,extra
proton-bridge,extra
proton.vpn.app.gtk,extra
protontricks,extra
protontricks-launch,extra
psensor,extra
psi,extra
pt2-clone,extra
pto_gen,extra
putty,extra
puzzles-blackbox,extra
puzzles-bridges,extra
puzzles-cube,extra
puzzles-dominosa,extra
puzzles-fifteen,extra
puzzles-filling,extra
puzzles-flip,extra
puzzles-flood,extra
puzzles-galaxies,extra
puzzles-guess,extra
puzzles-inertia,extra
puzzles-keen,extra
puzzles-lightup,extra
puzzles-loopy,extra
puzzles-magnets,extra
puzzles-map,extra
puzzles-mines,extra
puzzles-mosaic,extra
puzzles-net,extra
puzzles-netslide,extra
puzzles-palisade,extra
puzzles-pattern,extra
puzzles-pearl,extra
puzzles-pegs,extra
puzzles-range,extra
puzzles-rect,extra
puzzles-samegame,extra
puzzles-signpost,extra
puzzles-singles,extra
puzzles-sixteen,extra
puzzles-slant,extra
puzzles-solo,extra
puzzles-tents,extra
puzzles-towers,extra
puzzles-tracks,extra
puzzles-twiddle,extra
puzzles-undead,extra
puzzles-unequal,extra
puzzles-unruly,extra
puzzles-untangle,extra
pycharm,extra
pychess,extra
pysol,extra
qFlipper,extra
qalculate-gtk,extra
qasconfig,extra
qashctl,extra
qasmixer,extra
qcachegrind,extra
qcad,extra
qdbusviewer,extra
qemu,extra
qgit,extra
qgo,extra
qmapshack,extra
qmaptool,extra
qmidiarp,extra
qmidiroute,extra
qmmp,extra
qmmp-dir,extra
qmmp-enqueue,extra
qopenvpn,extra
qps,extra
qreator,extra
qspectrumanalyzer,extra
qstardict,extra
qt5ct,extra
qt6ct,extra
qterminal,extra
qterminal-drop,extra
qtikz,extra
qtpass,extra
quake,extra
quassel,extra
quasselclient,extra
qv4l2,extra
qvidcap,extra
r,extra
radicle-desktop,extra
rage,extra
ranger,extra
rawtherapee,extra
re.fossplant.songrec,extra
re.rizin.cutter,extra
re.sonny.Commit,extra
re.sonny.Junction,extra
re.sonny.Tangram,extra
recoll-searchgui,extra
rednotebook,extra
redshift,extra
redshift-gtk,extra
remote-viewer,extra
renderdoc,extra
rfdump,extra
rio,extra
rmpc,extra
roboden,extra
rocksndiamonds,extra
rocqide,extra
rofi,extra
rofi-theme-selector,extra
root,extra
rqbit-desktop,extra
rygel,extra
rygel-preferences,extra
sakura,extra
satty,extra
sauerbraten,extra
sc-controller,extra
scantailor-advanced,extra
schismtracker,extra
scim-setup,extra
scratch,extra
scrcpy,extra
scrcpy-console,extra
screengrab,extra
screenkey,extra
scribus,extra
se.sjoerd.Graphs,extra
senpai,extra
servatrice,extra
sessioninstaller,extra
setbfree,extra
shattered-pixel-dungeon,extra
shutter,extra
sigil,extra
signal,extra
signon-ui,extra
simutrans,extra
singularity,extra
slideshow,extra
slimevolley,extra
sm,extra
sm.puri.Chatty,extra
sm.puri.OSK0,extra
sm.puri.Squeekboard,extra
smjack,extra
smplayer,extra
smplayer_enqueue,extra
snes9x-gtk,extra
sniffnet,extra
sol,extra
solaar,extra
sonic-visualiser,extra
soundconverter,extra
speedcrunch,extra
speeddial,extra
spek,extra
spotify-launcher,extra
spring,extra
springlobby,extra
spyder,extra
sqlitebrowser,extra
ssr,extra
ssr-aap,extra
ssr-binaural,extra
ssr-brs,extra
ssr-dca,extra
ssr-generic,extra
ssr-vbap,extra
ssr-wfs,extra
stardict,extra
steadyflow,extra
steam,multilib
stella,extra
sticky,extra
stlink-gui,extra
stoken-gui,extra
stoken-gui-small,extra
stopmotion,extra
studio.kx.distrho.Cardinal,extra
sugar-runner,extra
superproductivity,extra
supertux2,extra
supertuxkart,extra
swappy,extra
swayimg,extra
sweethome3d,extra
sxiv,extra
synapse,extra
syncplay,extra
syncplay-server,extra
system-config-printer,extra
systemadm,extra
systemsettings,extra
taskwarrior-tui,extra
tauonmb,extra
teamspeak3,extra
teeworlds,extra
tenacity,extra
terminator,extra
terminology,extra
texmaker,extra
texstudio,extra
thingy,extra
thunar,extra
thunar-bulk-rename,extra
thunar-settings,extra
thunar-volman-settings,extra
tilda,extra
tilda-dbus,extra
timeshift-gtk,extra
tint2,extra
tint2conf,extra
tkremind,extra
tlpui,extra
toxic,extra
transmageddon,extra
transmission-gtk,extra
transmission-qt,extra
tuna,extra
tuned-gui,extra
tuxcards,extra
tvtime,extra
typobuster,extra
ucblogo,extra
uget-gtk,extra
unison,extra
uqm,extra
urh,extra
urxvt,extra
urxvtc,extra
usbview,extra
user-dirs-update-gtk,extra
utox,extra
uuctl,extra
uxterm,extra
veracrypt,extra
viewnior,extra
vifm,extra
viking,extra
vim,extra
vimb,extra
vimiv,extra
virt-manager,extra
virtualbox,extra
visidata,extra
visualvm,extra
vivaldi-stable,extra
vlc,extra
vncviewer,extra
vokoscreenNG,extra
volumeicon,extra
vsid,extra
vu.b4.alsa-scarlett-gui,extra
vym,extra
warsow,extra
waydroid.app.install,extra
waydroid.market,extra
wcm,extra
webapp-manager,extra
weechat,extra
wf-locker-pin,extra
wheelmap-geo-handler,extra
wine,extra
winetricks,extra
wiremix,extra
wolf-spectrum,extra
work.openpaper.Paperwork,extra
wxcas,extra
x11vnc,extra
x128,extra
x42-whirl,extra
x64,extra
x64dtv,extra
x64sc,extra
xaos,extra
xarchiver,extra
xboard,extra
xboard-config,extra
xboard-fen-viewer,extra
xboard-pgn-viewer,extra
xboard-tourney,extra
xcalib,extra
xcas,extra
xcbm2,extra
xcbm5x0,extra
xchm,extra
xcolor,extra
xdg-desktop-portal-gnome,extra
xdg-desktop-portal-gtk,extra
xdg-desktop-portal-phosh,extra
xdg-desktop-portal-phrosh,extra
xdg-desktop-portal-xapp,extra
xdot,extra
xdvi,extra
xfburn,extra
xfce-backdrop-settings,extra
xfce-display-settings,extra
xfce-keyboard-settings,extra
xfce-mouse-settings,extra
xfce-session-settings,extra
xfce-settings-manager,extra
xfce-ui-settings,extra
xfce-wm-settings,extra
xfce-wmtweaks-settings,extra
xfce-workspaces-settings,extra
xfce4-about,extra
xfce4-accessibility-settings,extra
xfce4-appfinder,extra
xfce4-clipman,extra
xfce4-clipman-settings,extra
xfce4-color-settings,extra
xfce4-dict,extra
xfce4-file-manager,extra
xfce4-mail-reader,extra
xfce4-mime-settings,extra
xfce4-mixer,extra
xfce4-notes,extra
xfce4-notifyd-config,extra
xfce4-power-manager-settings,extra
xfce4-run,extra
xfce4-screensaver-preferences,extra
xfce4-screenshooter,extra
xfce4-sensors,extra
xfce4-session-logout,extra
xfce4-settings-editor,extra
xfce4-taskmanager,extra
xfce4-terminal,extra
xfce4-terminal-emulator,extra
xfce4-terminal-settings,extra
xfce4-web-browser,extra
xfmpc,extra
xgps,extra
xgpsspeed,extra
xine,extra
xiphos,extra
xjadeo,extra
xonotic,extra
xonotic-glx,extra
xpad,extra
xpdf,extra
xpet,extra
xplr,extra
xplus4,extra
xpra,extra
xpra-gui,extra
xpra-launcher,extra
xpra-shadow,extra
xreader,extra
xscpu64,extra
xscreensaver,extra
xscreensaver-settings,extra
xsensors,extra
xterm,extra
xvic,extra
xviewer,extra
yad-icon-browser,extra
yad-settings,extra
yass,extra
yazi,extra
yoshimi,extra
yubikey-personalization-gui,extra
zaproxy,extra
zaz,extra
zeitgeist-explorer,extra
zellij,extra
zenith,extra
zenmap,extra
zenmap-root,extra
zettlr,extra
zint-qt,extra
zita-at1,extra
zita-bls1,extra
zita-dc1,extra
zita-dpl1,extra
zita-mu1,extra
zita-rev1,extra
zps,extra
zutty,extra
zynaddsubfx-alsa,extra
zynaddsubfx-jack,extra
zynaddsubfx-jack-multi,extra
zynaddsubfx-oss,extra
